"Fecha","Estación","Clorofila_a_(lab_µg) (µg/L)","Coliformes Termotolerantes (Fecales) (Membrana Filtrante) (ufc/100ml)","Conductividad (µS/cm)","Enterococos (Sustrato Definido - Enterolet®) (NMP/100mL)","Escherichia coli (Memabrana Filtrante) (ufc/100ml)","Escherichia coli (Sustrato Definido - Colilert®) (NMP/100mL)","Floración Algal (sin unid)","Oxigeno disuelto (mg/L)","Potencial de hidrogeno (pH) (sin unid)","Salinidad (psu)","Standard value a (NO APLICA)","standard value b (NO APLICA)","Temperatura (ºC)","Transparencia (cm)","Turbidez (NTU)"
"2018-11-12 08:30:00","06SF","0","385","*","0","","0","0","*","7.85","0","0","0","22.5","0","*"
"2018-11-12 09:00:00","01AC","","225","","","","","NO","","7.65","","","","","",""
"2018-11-12 09:40:00","05SF","","125","","","","","NO","","8.73","","","","","",""
"2018-11-12 10:10:00","04SF","","10","","","","","NO","","7.95","","","","","",""
"2018-11-12 10:20:00","03LP","","95","","","","","NO","","7.88","","","","","",""
"2018-11-12 13:10:00","02SL","","<LD","","","","","NO","","8.2","","","","","",""
"2018-11-21 11:10:00","03LP","","250","","","","","NO","","7.84","","","","","",""
"2018-11-21 11:20:00","05SF","","155","","","","","NO","","7.88","","","","","",""
"2018-11-21 12:00:00","06SF","","150","","","","","NO","","7.81","","","","","",""
"2018-11-21 12:25:00","04SF","","80","","","","","NO","","7.87","","","","","",""
"2018-11-21 12:35:00","01AC","","90","","","","","NO","","7.65","","","","","",""
"2018-11-21 13:20:00","02SL","","80","","","","","NO","","8.2","","","","","",""
"2018-12-05 07:45:00","05SF","","100","","","","","NO","6.34","7.52","","","","","",""
"2018-12-05 08:10:00","06SF","","40","","","","","NO","7.21","7.86","","","","","",""
"2018-12-05 08:35:00","01AC","","100","","","","","NO","7.3","7.73","","","","","",""
"2018-12-05 09:30:00","04SF","","455","","","","","NO","6.31","7.68","","","","","",""
"2018-12-05 09:50:00","03LP","","180","","","","","NO","6.3","7.5","","","","","",""
"2018-12-05 12:30:00","02SL","","55","","","","","NO","6.85","8.14","","","","","",""
"2018-12-19 00:00:00","06SF","","","","","","","NO","","","","","","","",""
"2018-12-19 00:00:00","04SF","","540","","","","","NO","6.78","7.8","","","","","",""
"2018-12-19 00:00:00","03LP","","640","","","","","NO","6.3","7.82","","","","","",""
"2018-12-19 00:00:00","02SL","","1940","","","","","NO","6.85","7.9","","","","","",""
"2018-12-19 00:00:00","05SF","","470","","","","","NO","6.8","7.8","","","","","",""
"2018-12-19 10:00:00","01AC","","930","","","","","NO","7.3","7.9","","","","","",""
"2018-12-26 00:00:00","01AC","","360","","","","","NO","7.3","7.36","","","","","",""
"2018-12-26 00:00:00","03LP","","370","","","","","NO","6.31","7.3","","","","","",""
"2018-12-26 00:00:00","04SF","","10","","","","","NO","6.72","7.65","","","","","",""
"2018-12-26 00:00:00","05SF","","150","","","","","NO","6.81","7.6","","","","","",""
"2018-12-26 00:00:00","02SL","","250","","","","","NO","6.85","7.82","","","","","",""
"2018-12-26 08:30:00","06SF","","35","","","","","NO","6.65","7.72","","","","","",""
"2019-01-02 08:45:00","05SF","","130","287","","","","0","7.55","7.71","","","","","",""
"2019-01-02 09:00:00","06SF","","170","284","","","","0","7.41","7.21","","","","","",""
"2019-01-02 09:20:00","01AC","","490","297","","","","0","7.05","7.38","","","","","",""
"2019-01-23 08:30:00","01AC","","220","","","","","NO","7.06","7.43","","","","","",""
"2019-01-23 09:30:00","05SF","","10","","","","","NO","7.5","7.31","","","","","",""
"2019-01-23 09:45:00","04SF","","120","","","","","NO","7.54","7.28","","","","","",""
"2019-01-23 10:00:00","06SF","","170","","","","","NO","7.45","7.65","","","","","",""
"2019-01-23 10:30:00","03LP","","260","","","","","NO","6.32","7.5","","","","","",""
"2019-01-23 12:15:00","02SL","","50","","","","","NO","6.86","7.39","","","","","",""
"2019-02-07 09:00:00","01AC","","","","","","","NO","4.55","7.11","","","","","",""
"2019-02-07 09:35:00","06SF","","","","","","","NO","5.91","7.53","","","","","",""
"2019-02-07 10:00:00","05SF","","","","","","","NO","4.5","7.15","","","","","",""
"2019-02-07 10:15:00","04SF","","","","","","","NO","4.51","7.13","","","","","",""
"2019-02-07 10:30:00","03LP","","","","","","","NO","4.48","7.15","","","","","",""
"2019-02-07 12:30:00","02SL","","","","","","","NO","6.5","7.32","","","","","",""
"2019-02-27 09:30:00","05SF","","205","","","","","NO","6.72","7.6","","","","","","1.01"
"2019-02-27 10:00:00","06SF","","240","","","","","NO","7.05","7.81","","","","","","2.06"
"2019-02-27 10:30:00","01AC","","208","","","","","NO","7.02","7.83","","","","","","2.02"
"2019-02-27 10:45:00","03LP","","155","","","","","NO","6.25","7.83","","","","","","2.1"
"2019-02-27 11:30:00","04SF","","130","","","","","NO","6.3","7.71","","","","","","2.09"
"2019-02-27 12:15:00","02SL","","45","","","","","NO","7.28","7.81","","","","","","4.43"
"2019-03-07 00:00:00","03LP","","350","","","","","NO","7.15","7.82","","","","","","2.1"
"2019-03-07 00:00:00","06SF","","490","","","","","NO","5.65","7.8","","","","","","2.06"
"2019-03-07 00:00:00","02SL","","215","","","","","NO","6.32","7.93","","","","","","4.43"
"2019-03-07 00:00:00","04SF","","310","","","","","NO","4.01","7.51","","","","","","2.09"
"2019-03-07 00:00:00","05SF","","175","","","","","NO","4","7.49","","","","","","1.01"
"2019-03-07 09:00:00","01AC","","115","","","","","NO","7.06","7.85","","","","","","2.02"
"2019-11-20 09:30:00","06SF","","10","","","","","0","4.67","8.02","","","","21.6","","2.09"
"2019-11-20 10:00:00","01AC","","70","","","","","0","4.75","7.95","","","","20","","2.19"
"2019-11-20 10:35:00","03LP","","250","","","","","0","4.95","8.15","","","","21.5","","3.47"
"2019-11-20 12:30:00","02SL","","10","","","","","0","6.85","8.14","","","","21.9","","4.56"
"2019-11-25 08:40:00","01AC","","","*","","","","0","8.16","7.85","","","","20.9","","0.85"
"2019-11-25 09:15:00","06SF","","","*","","","","0","6.28","8.11","","","","19.2","","1.14"
"2019-11-25 10:15:00","03LP","","","*","","","","0","6.45","8.2","","","","20.9","","1.26"
"2019-11-25 12:15:00","02SL","","","*","","","","0","6.7","8.1","","","","21","","1.39"
"2019-12-02 08:00:00","02LDM","","50","92","","","","","","7.08","","","","23.4","",""
"2019-12-02 08:10:00","01SLC","","90","325","","","","","","7.74","","","","23.1","",""
"2019-12-02 09:00:00","01AC","","200","","","","","0","5.57","8.1","","","","19","","0.85"
"2019-12-02 09:45:00","06SF","","200","","","","","0","5.49","7.96","","","","20","","1.14"
"2019-12-02 10:05:00","03LP","","300","","","","","0","6.04","7.98","","","","18","","1.26"
"2019-12-02 12:30:00","02SL","","400","","","","","0","7.05","7.65","","","","18","","1.39"
"2019-12-09 08:30:00","01AC","","55","","","","","0","5.6","7.7","","","","19","",""
"2019-12-09 09:15:00","06SF","","65","*","","","","0","5.56","7.64","","","","20","",""
"2019-12-09 10:30:00","03LP","","25","*","","","","0","6.04","7.65","","","","18","",""
"2019-12-09 12:30:00","02SL","","20","*","","","","0","5.7","7.65","","","","19","",""
"2019-12-10 08:20:00","02LDM","","50","85.3","","","","","4.67","6.65","","","","25","",""
"2019-12-10 08:30:00","01SLC","","200","383","","","","","7.51","7.94","","","","25.1","",""
"2019-12-16 10:30:00","01AC","","100","","","","","0","6.7","7.6","","","","19","",""
"2019-12-16 11:30:00","06SF","","10","","","","","0","5.96","7.48","","","","20.1","",""
"2019-12-16 11:45:00","03LP","","30","","","","","0","5.6","7.46","","","","18.5","",""
"2019-12-16 13:15:00","02SL","","20","","","","","0","5.82","8.05","","","","20.1","",""
"2019-12-19 08:30:00","02LDM","","46","87.8","","","","","4.83","6.87","","","","24.4","",""
"2019-12-19 08:40:00","01SLC","","88","387","","","","","","7.53","","","","25.6","",""
"2019-12-23 08:20:00","02LDM","","54","89.4","","","","","","7.56","","","","25.8","",""
"2019-12-23 08:30:00","01SLC","","126","394","","","","","","7.46","","","","24.6","",""
"2019-12-26 09:00:00","01AC","","","","","","","0","5.7","7.8","","","","19.2","",""
"2019-12-26 09:30:00","06SF","","","","","","","0","5.81","7.73","","","","20.9","",""
"2019-12-26 10:20:00","03LP","","","","","","","0","5.75","7.68","","","","19","",""
"2019-12-26 12:35:00","02SL","","","","","","","0","5.85","8.5","","","","19.4","",""
"2019-12-30 08:30:00","01SLC","","94","413","","","","","7.15","8.14","","","","28.6","",""
"2019-12-31 08:20:00","02LDM","","56","90.9","","","","","","7.51","","","","27.3","",""
"2020-01-05 12:40:00","04SF","","145","","","","","0E-9","5.85","6.35","","","","20","","1.19"
"2020-01-07 08:20:00","02LDM","","52","92.1","","","","","5.39","7.18","","","","24.9","",""
"2020-01-07 08:30:00","01SLC","","154","342","","","","","6.64","7.73","","","","24.3","",""
"2020-01-08 08:30:00","01AC","","26","","","","","0","5.72","7.52","","","","18.5","","1.29"
"2020-01-08 09:15:00","06SF","","180","","","","","0","4.76","7.6","","","","21.9","","0.92"
"2020-01-08 09:40:00","03LP","","373","","","","","0","5.8","7.62","","","","19","","0.89"
"2020-01-08 12:30:00","02SL","","1053","","","","","0","5.9","7.8","","","","19","","1.94"
"2020-01-13 08:20:00","02LDM","","120","93.7","","","","","5.82","6.85","","","","25.3","",""
"2020-01-13 08:30:00","01SLC","","1500","390","","","","","7.45","7.9","","","","25.4","",""
"2020-01-16 08:45:00","06SF","","1630","","","","","0","5.95","7.7","","","","20.3","","4.9"
"2020-01-16 09:50:00","01AC","","1760","","","","","0","6.1","7.72","","","","19.4","","4.8"
"2020-01-16 10:30:00","03LP","","2100","","","","","0","6.22","7.8","","","","19","","4.35"
"2020-01-16 12:30:00","02SL","","640","","","","","0","8","7.85","","","","21","","14.1"
"2020-01-20 08:20:00","02LDM","","420","93.7","","","","","","7.11","","","","26.3","",""
"2020-01-20 08:30:00","01SLC","","1100","309","","","","","","7.52","","","","25.8","",""
"2020-01-27 08:20:00","02LDM","","210","95","","","","","5.83","7.3","","","","25.6","",""
"2020-01-27 08:30:00","01SLC","","220","330","","","","","6.58","7.9","","","","25.6","",""
"2020-01-27 08:30:00","01AC","","680","","","","","0","6.15","7.45","","","","20.1","","1.3"
"2020-01-27 09:15:00","06SF","","980","","","","","0","4.7","7.5","","","","22.6","","1.42"
"2020-01-27 09:55:00","03LP","","950","","","","","0","5.92","7.52","","","","21","","1.43"
"2020-01-27 13:00:00","02SL","","350","","","","","0","4.95","7.5","","","","18.1","","2.66"
"2020-02-05 08:20:00","02LDM","","140","","","","","","","7.44","","","","","",""
"2020-02-05 08:30:00","01SLC","","100","","","","","","","7.33","","","","","",""
"2020-02-12 08:15:00","01AC","","442","","","","","0","5.52","7.62","","","","19","","1.73"
"2020-02-12 09:00:00","06SF","","180","","","","","0","5.48","7.6","","","","20.6","","2.03"
"2020-02-12 09:20:00","06SF","","180","","","","","0","5.48","7.6","","","","20.6","","2.03"
"2020-02-12 10:15:00","03LP","","777","","","","","0","5.3","7.51","","","","21.8","","1.14"
"2020-02-12 12:40:00","02SL","","362","","","","","0","5.62","7.63","","","","21.3","","1.52"
"2020-02-13 08:20:00","02LDM","","140","","","","","","","","","","","","",""
"2020-02-13 08:30:00","01SLC","","2000","","","","","","","","","","","","",""
"2020-02-17 09:00:00","01AC","","462","","","","","NO","6.2","7.7","","","","22","","1.45"
"2020-02-17 09:45:00","02SL","","462","","","","","NO","7.8","7.62","","","","23.4","","1.24"
"2020-02-17 10:15:00","03LP","","507","","","","","NO","6.75","7.6","","","","21.5","","1.16"
"2020-02-17 12:40:00","06SF","","255","","","","","NO","7.1","7.61","","","","21.4","","1.8"
"2020-02-26 07:50:00","02LDM","","72","101.7","","","","","","7.03","","","","21.2","",""
"2020-02-26 08:00:00","01SLC","","3900","374","","","","","","7.88","","","","21.4","",""
"2020-02-26 09:20:00","01AC","","60","","","","","NO","9.4","7.6","","","","20.4","","1.75"
"2020-02-26 10:00:00","06SF","","320","","","","","NO","9","7.82","","","","19.8","","9.4"
"2020-02-26 10:40:00","03LP","","240","","","","","NO","8.98","7.81","","","","20.3","","1.12"
"2020-02-26 12:30:00","02SL","","60","","","","","NO","9.02","7.52","","","","18.8","","1.2"
"2020-02-27 14:10:00","01SLC","","900","","","","","","","","","","","","",""
"2020-02-28 08:30:00","01SLC","","60","377","","","","","","7.96","","","","24.6","",""
"2020-02-29 11:15:00","01SLC","","56","383","","","","","","7.57","","","","27.8","",""
"2020-03-01 10:30:00","01SLC","","200","390","","","","","","7.75","","","","24.8","",""
"2020-03-02 08:20:00","02LDM","","170","101.6","","","","","7.05","6.67","","","","24","",""
"2020-03-02 08:30:00","01SLC","","240","397","","","","","7.17","7.85","","","","24.2","",""
"2020-03-03 09:30:00","01AC","","160","","","","","NO","","7.6","","","","24.9","","19.6"
"2020-03-03 10:00:00","06SF","","330","","","","","NO","","7.59","","","","20.9","","64.2"
"2020-03-03 10:45:00","02SL","","130","","","","","NO","","7.64","","","","19.4","","19.8"
"2020-03-09 10:20:00","02LDM","","230","102.3","","","","","6.87","6.92","","","","26.6","",""
"2020-03-09 10:25:00","01SLC","","80","422","","","","","7.46","7.8","","","","26.2","",""
"2020-04-20 10:05:00","02LDM","","160","108","","","","","8.52","7.03","","","","19.9","",""
"2020-04-20 10:20:00","01SLC","","64","453","","","","","8.41","8.01","","","","19.3","",""
"2020-05-20 10:30:00","01SLC","","52","441","","","","","9.34","7.5","","","","15.9","",""
"2020-05-20 10:40:00","02LDM","","58","107.2","","","","","9.67","6.93","","","","15.8","",""
"2020-07-07 10:30:00","02LDM","","290","82.4","","","","","9.84","6.67","","","","10.5","",""
"2020-07-07 10:40:00","01SLC","","450","169.7","","","","","8.09","6.84","","","","8.7","",""
"2020-08-12 10:30:00","02LDM","","98","94.8","","","","","","7.1","","","","12.2","",""
"2020-08-12 10:40:00","01SLC","","64","410","","","","","","7.59","","","","12.3","",""
"2020-09-10 08:00:00","02LDM","","78","89.9","","","","","","6.92","","","","15","",""
"2020-09-10 08:10:00","01SLC","","110","167.7","","","","","","7.31","","","","13.7","",""
"2020-10-15 08:00:00","02LDM","","120","93.5","","","","","7.86","7.55","","","","","",""
"2020-10-15 08:10:00","01SLC","","58","330","","","","","8.66","7.81","","","","","",""
"2020-10-29 09:10:00","01AC","","130","","","","","0E-9","7.87","7.35","","","","19","","3.48"
"2020-10-29 09:45:00","06SF","","120","","","","","0E-9","7.18","7.41","","","","17.4","","1.64"
"2020-10-29 10:15:00","03LP","","165","","","","","0E-9","7.38","7.4","","","","19.1","","1.55"
"2020-10-29 11:30:00","02SL","","40","","","","","0E-9","7.4","7.38","","","","17","","2.74"
"2020-11-04 08:44:00","01AC","","210","","","","","0E-9","8.5","7.31","","","","18.9","","2.47"
"2020-11-04 09:37:00","06SF","","100","","","","","0E-9","4.52","7.45","","","","16.7","","1.27"
"2020-11-04 10:05:00","03LP","","30","","","","","0E-9","7.45","7.4","","","","17.5","","1.41"
"2020-11-04 11:40:00","02SL","","70","","","","","0E-9","7.4","7.5","","","","18.5","","1.69"
"2020-11-11 09:15:00","01AC","","","","","","","0E-9","8.7","7.45","","","","21.1","",""
"2020-11-11 09:50:00","06SF","","","","","","","0E-9","5.5","7.36","","","","18.9","",""
"2020-11-11 10:00:00","02LDM","","64","90.7","","","","","6.7","7.43","","","","21.7","",""
"2020-11-11 10:10:00","01SLC","","84","352","","","","","7.3","7.32","","","","22.6","",""
"2020-11-11 12:20:00","03LP","","","","","","","0E-9","6.81","7.88","","","","21.4","",""
"2020-11-11 12:45:00","02SL","","","","","","","0E-9","7.4","7.65","","","","19.4","",""
"2020-11-16 07:30:00","02LDM","","120","90.8","","","","","3.79","7.37","","","","19.1","",""
"2020-11-16 07:40:00","01SLC","","250","367","","","","","6.66","7.08","","","","17","",""
"2020-11-18 08:40:00","01AC","","","","","","","0E-9","7.9","7.4","","","","17","","1.2"
"2020-11-18 09:07:00","06SF","","","","","","","0E-9","6.85","7.54","","","","18.7","","1.8"
"2020-11-18 09:30:00","03LP","","","","","","","0E-9","7.5","7.5","","","","19.1","","1.52"
"2020-11-18 10:40:00","02SL","","","","","","","0E-9","6.92","7.61","","","","18.7","","1.26"
"2020-11-25 09:27:00","01AC","","325","","","","","0E-9","7.85","7.45","","","","18","","1.25"
"2020-11-25 09:50:00","06SF","","335","","","","","0E-9","7.81","7.52","","","","16","","1.75"
"2020-11-25 10:15:00","03LP","","435","","","","","0E-9","6.82","7.42","","","","19","","1.22"
"2020-11-25 11:43:00","02SL","","1085","","","","","0E-9","7.55","7.88","","","","21.2","","1.91"
"2020-12-02 09:00:00","01AC","","415","","","","","0E-9","7.35","7.88","","","","23.9","","1.33"
"2020-12-02 09:30:00","06SF","","105","","","","","0E-9","9.16","7.81","","","","22.2","","1.25"
"2020-12-02 10:15:00","03LP","","155","","","","","0E-9","8.18","7.89","","","","21","","1.39"
"2020-12-02 11:30:00","02SL","","90","","","","","0E-9","7.15","7.91","","","","22","","1.06"
"2020-12-07 07:25:00","01SLC","","","442","","","","0E-9","6.51","","","","","22.3","",""
"2020-12-07 07:35:00","02LDM","","120","96.9","","","","0E-9","5.37","","","","","21.1","",""
"2020-12-09 09:20:00","01AC","","290","","","","","0E-9","7.4","7.81","","","","23.5","","1.12"
"2020-12-09 10:00:00","06SF","","150","","","","","0E-9","5.88","6.36","","","","19.9","","1.08"
"2020-12-09 10:35:00","03LP","","55","","","","","0E-9","6.4","7.51","","","","21","","1.15"
"2020-12-09 12:30:00","02SL","","15","","","","","0E-9","6.91","7.81","","","","18.4","","1.14"
"2020-12-10 08:00:00","01SLC","","790","","","","","0E-9","","","","","","","",""
"2020-12-14 09:45:00","01SLC","","","446","","","","0E-9","5.49","","","","","23.5","",""
"2020-12-14 09:50:00","02LDM","","68","98.2","","","","0E-9","3.5","","","","","22.5","",""
"2020-12-16 08:50:00","01AC","","25","","","","","0E-9","7.5","7.78","","","","21","","1.1"
"2020-12-16 09:30:00","06SF","","100","","","","","0E-9","5.82","7.46","","","","19.3","","1.16"
"2020-12-16 10:15:00","03LP","","75","","","","","0E-9","6.95","7.5","","","","20","","1.13"
"2020-12-16 12:15:00","02SL","","10","","","","","0E-9","7.6","7.6","","","","23","","1.09"
"2020-12-17 08:00:00","01SLC","","390","","","","","0E-9","","","","","","","",""
"2020-12-21 08:00:00","02LDM","","94","81.4","","","","0E-9","5.42","","","","","22.4","",""
"2020-12-21 08:10:00","01SLC","","480","510","","","","0E-9","6.45","7.81","","","","23.1","",""
"2020-12-22 08:30:00","01AC","","260","","","","","0E-9","7.49","7.8","","","","19","","1.03"
"2020-12-22 09:15:00","06SF","","145","","","","","0E-9","4.6","7.45","","","","19.7","","1.43"
"2020-12-22 09:45:00","03LP","","2500","","","","","0E-9","6.51","7.51","","","","20","","1.06"
"2020-12-22 11:30:00","02SL","","250","","","","","0E-9","6.8","7.7","","","","18.5","","1.04"
"2020-12-28 09:50:00","02LDM","","88","102.1","","","","0E-9","5.31","8.11","","","","25.7","",""
"2020-12-28 10:00:00","01SLC","","38","578","","","","0E-9","7.81","7.6","","","","26.7","",""
"2020-12-29 09:15:00","01AC","","60","","","","","0E-9","7.7","7.6","","","","21.3","","1.53"
"2020-12-29 09:45:00","06SF","","135","","","","","0E-9","4.87","7.56","","","","24","","1.44"
"2020-12-29 10:05:00","03LP","","120","","","","","0E-9","6.55","7.6","","","","22.1","","1.76"
"2020-12-29 12:25:00","02SL","","145","","","","","0E-9","6.85","7.75","","","","20.4","","2.07"
"2021-01-04 08:25:00","01SLC","","1000","604","","","","0E-9","5.03","","","","","25.7","",""
"2021-01-04 08:30:00","02LDM","","76","102.8","","","","0E-9","5.6","","","","","24.8","",""
"2021-01-05 10:15:00","01AC","","110","","","","","0E-9","7.6","7.56","","","","20.4","","1.72"
"2021-01-05 10:50:00","06SF","","285","","","","","0E-9","5.75","7.4","","","","19.8","","2.38"
"2021-01-05 11:10:00","03LP","","105","","","","","0E-9","6.6","7.2","","","","18.8","","1.36"
"2021-01-05 13:00:00","02SL","","75","","","","","0E-9","6.5","7.5","","","","20","","2.04"
"2021-01-11 08:25:00","02LDM","","500","105.4","","","","0E-9","5.33","","","","","25.5","",""
"2021-01-11 08:30:00","01SLC","","120","676","","","","0E-9","4.22","","","","","26.5","",""
"2021-01-13 00:00:00","02SL","","","","","","","0E-9","7.6","7.48","","","","21.2","",""
"2021-01-13 08:15:00","01AC","","","","","","","0E-9","5.8","7.2","","","","20","",""
"2021-01-13 08:50:00","06SF","","","","","","","0E-9","4.32","7.18","","","","21.1","",""
"2021-01-13 09:30:00","03LP","","","","","","","0E-9","6.7","7.3","","","","19.4","",""
"2021-01-13 10:50:00","04SF","","","","","","","0E-9","6.1","6.4","","","","16.7","",""
"2021-01-19 08:30:00","01AC","","250","","","","","0E-9","5.9","7.28","","","","20","","2.68"
"2021-01-19 09:15:00","06SF","","700","","","","","0E-9","5.19","7.21","","","","21.2","","1.54"
"2021-01-19 09:45:00","03LP","","115","","","","","0E-9","6","7.15","","","","19.4","","1.55"
"2021-01-19 11:05:00","04SF","","165","","","","","0E-9","5.8","6.5","","","","18.5","","3.51"
"2021-01-19 11:45:00","02SL","","300","","","","","0E-9","7.15","7.19","","","","20","","6.28"
"2021-01-20 08:35:00","02LDM","","210","103.8","","","","0E-9","5.82","6.98","","","","25","",""
"2021-01-20 08:50:00","01SLC","","340","350","","","","0E-9","5.42","6.68","","","","25.7","",""
"2021-01-25 08:35:00","01AC","","560","","","","","0E-9","4.49","7.15","","","","27.6","","2.1"
"2021-01-25 09:05:00","06SF","","365","","","","","0E-9","4.67","7.46","","","","24.7","","4.38"
"2021-01-25 09:35:00","03LP","","675","","","","","0E-9","4.93","7.12","","","","25.7","","1.89"
"2021-01-25 10:05:00","04SF","","115","","","","","0E-9","4.89","7.14","","","","27.2","",""
"2021-01-25 11:50:00","02SL","","770","","","","","0E-9","4.91","7.41","","","","28.7","","4.59"
"2021-01-27 08:45:00","02LDM","","70","106.3","","","","0E-9","5.57","6.7","","","","27.4","",""
"2021-01-27 09:00:00","01SLC","","710","408","","","","0E-9","6.01","7.35","","","","28.6","",""
"2021-02-02 08:15:00","01AC","","570","","","","","0E-9","5.6","7.16","","","","22","","2.08"
"2021-02-02 08:55:00","06SF","","950","","","","","0E-9","4.95","7.2","","","","23.6","","1.28"
"2021-02-02 09:15:00","05SF","",">2000","","","","","0E-9","4.75","7.43","","","","19.8","","3.06"
"2021-02-02 09:40:00","04SF","","1020","","","","","0E-9","4.85","7.32","","","","20.2","","1.31"
"2021-02-02 10:45:00","03LP","","910","","","","","0E-9","4.82","7.42","","","","25.2","","1.73"
"2021-02-02 12:30:00","02SL","",">2000","","","","","0E-9","5.75","7.5","","","","21.4","","21"
"2021-02-10 08:10:00","01AC","","4500","","","","","0E-9","4.9","7.2","","","","20","","13.5"
"2021-02-10 08:45:00","06SF","","1120","","","","","0E-9","4.75","7.35","","","","18.5","","10.9"
"2021-02-10 09:00:00","05SF","","270","","","","","0E-9","5.1","7.12","","","","19.4","","12.9"
"2021-02-10 09:15:00","04SF","","440","","","","","0E-9","4.95","6.85","","","","18","","12.9"
"2021-02-10 09:45:00","03LP","","1540","","","","","0E-9","5.5","6.95","","","","19.4","","8.62"
"2021-02-10 12:00:00","02SL","","1730","","","","","0E-9","5.6","7.41","","","","19.8","","17.7"
"2021-02-11 09:00:00","01SLC","","340","245","","","","0E-9","5.9","8.15","","","","24.5","",""
"2021-02-11 09:10:00","02LDM","","200","104.2","","","","0E-9","7.13","7.89","","","","24.4","",""
"2021-02-17 08:50:00","01AC","","3000","","","","","0E-9","5.02","7.21","","","","20","","9.95"
"2021-02-17 09:30:00","06SF","","910","","","","","0E-9","4.8","7.4","","","","19.1","","7.66"
"2021-02-17 09:40:00","05SF","","2100","","","","","0E-9","4.92","6.8","","","","18.6","","7.97"
"2021-02-17 10:00:00","04SF","","4400","","","","","0E-9","5.1","6.84","","","","19","","7.59"
"2021-02-17 10:15:00","03LP","","1300","","","","","0E-9","5.6","6.8","","","","19","","7.09"
"2021-02-17 13:00:00","02SL","","1520","","","","","0E-9","5.83","7.35","","","","20.2","","13.9"
"2021-02-23 08:15:00","01AC","","1670","","","","","0E-9","5.1","7.15","","","","18","","8.75"
"2021-02-23 09:30:00","06SF","","2435","","","","","0E-9","5.15","6.9","","","","19","","3.77"
"2021-02-23 09:40:00","05SF","","770","","","","","0E-9","5.8","7.14","","","","17","","3.53"
"2021-02-23 10:05:00","04SF","","370","","","","","0E-9","4.8","6.9","","","","17.4","","3.54"
"2021-02-23 10:20:00","03LP","","1290","","","","","0E-9","5.7","6.75","","","","20","","3.72"
"2021-02-23 12:45:00","02SL","","350","","","","","0E-9","4.95","7.48","","","","19.5","","7.92"
"2021-02-23 15:45:00","02SL","","350","","","","","0E-9","4.95","7.48","","","","19.5","","7.92"
"2021-02-25 07:30:00","01SLC","","140","288","","","","0E-9","6.08","6.92","","","","23.9","",""
"2021-02-25 07:40:00","02LDM","","160","105.3","","","","0E-9","7.55","6.8","","","","23.1","",""
"2021-03-02 08:45:00","01AC","","1260","","","","","0E-9","6.01","7.2","","","","23.6","","7.11"
"2021-03-02 09:15:00","06SF","","550","","","","","0E-9","6.54","7.27","","","","23.4","","2.1"
"2021-03-02 10:50:00","03LP","","180","","","","","0E-9","6.25","6.94","","","","24.5","","2.32"
"2021-03-02 11:00:00","04SF","","140","","","","","0E-9","6.53","6.96","","","","22.3","","2.13"
"2021-03-02 11:00:00","05SF","","140","","","","","0E-9","6.53","6.96","","","","22.3","","2.13"
"2021-03-02 11:15:00","05SF","","40","","","","","0E-9","7.01","6.99","","","","23.5","","1.58"
"2021-03-02 11:15:00","04SF","","40","","","","","0E-9","7.01","6.99","","","","23.5","","1.58"
"2021-03-02 12:18:00","02SL","","610","","","","","0E-9","7.01","7.11","","","","25.8","","5.99"
"2021-03-09 08:23:00","01AC","","","","","","","0E-9","5.8","6.33","","","","22.5","","6.16"
"2021-03-09 08:50:00","06SF","","","","","","","0E-9","5.6","7.16","","","","23","","1.77"
"2021-03-09 09:30:00","05SF","","","","","","","0E-9","4.75","7.45","","","","20.5","","1.35"
"2021-03-09 09:45:00","04SF","","","","","","","0E-9","5.1","7.52","","","","22.4","","1.14"
"2021-03-09 11:30:00","03LP","","","","","","","0E-9","5.75","7.32","","","","24.3","","1.43"
"2021-03-09 13:20:00","02SL","","","","","","","0E-9","6.01","7.01","","","","25.4","","2.45"
"2021-03-16 00:00:00","04SF","","95","","","","","0E-9","5.75","7.41","","","","20.5","","2.18"
"2021-03-16 00:00:00","02SL","","135","","","","","0E-9","5.2","7.25","","","","23.4","","1.72"
"2021-03-16 00:00:00","03LP","","106","","","","","0E-9","5.96","7.41","","","","21.5","","98"
"2021-03-16 00:00:00","05SF","","160","","","","","0E-9","4.92","7.43","","","","21.4","","1.16"
"2021-03-16 08:20:00","01AC","","80","","","","","0E-9","5.6","7.16","","","","22","","4.04"
"2021-03-16 08:55:00","06SF","","150","","","","","0E-9","5.25","7.2","","","","23.5","","1.24"
"2021-03-23 08:45:00","01AC","","260","","","","","0E-9","6.4","","","","","19.8","","16.3"
"2021-03-23 09:20:00","06SF","","430","","","","","0E-9","6","","","","","19.7","","8.19"
"2021-03-23 09:35:00","05SF","","450","","","","","0E-9","","","","","","20.9","","5.52"
"2021-03-23 09:50:00","03LP","","330","","","","","0E-9","6.1","","","","","20.1","","8"
"2021-03-23 11:40:00","04SF","","470","","","","","0E-9","","","","","","21.5","","7.08"
"2021-03-23 12:25:00","02SL","","200","","","","","0E-9","","","","","","22.1","","18.3"
"2021-04-28 10:00:00","02LDM","","50","","","","","","","","","","","","",""
"2021-04-28 10:10:00","01SLC","","300","","","","","","","","","","","","",""
"2021-07-28 10:00:00","02LDM","","120","127.8","","","","0E-9","","","","","","12.5","",""
"2021-07-28 10:10:00","01SLC","","900","144.3","","","","0E-9","","","","","","13","",""
"2021-08-30 10:00:00","02LDM","","98","241","","","","0E-9","","","","","","","",""
"2021-08-30 10:10:00","01SLC","","167","491","","","","0E-9","","","","","","","",""
"2021-09-23 10:25:00","02LDM","","92","227","","","","0E-9","7.4","7.35","","","","16.8","",""
"2021-09-23 10:30:00","01SLC","","118","425","","","","0E-9","9.07","7.68","","","","14.8","",""
"2021-10-19 09:55:00","02LDM","","84","239","","","","0E-9","","7.46","","","","18","",""
"2021-10-19 10:05:00","01SLC","","112","517","","","","0E-9","","7.95","","","","18.7","",""
"2021-11-24 10:30:00","02LDM","","66","235","","","","0E-9","5.94","7.69","","","","22","",""
"2021-11-24 10:35:00","01SLC","","142","713","","","","0E-9","7.39","7.37","","","","23.9","",""
"2021-11-30 12:30:00","01SLC","","1470","771","","","","0E-9","6.52","7.55","","","","22.8","",""
"2021-11-30 12:40:00","02LDM","","120","232","","","","0E-9","6.11","7.06","","","","25.6","",""
"2021-12-06 08:20:00","01SLC","","162","788","","","","0E-9","6.35","7.05","","","","18.1","",""
"2021-12-06 08:25:00","02LDM","","178","236","","","","0E-9","5.7","7.33","","","","19.3","",""
"2021-12-07 08:15:00","02LDM","","125","239","","","","0E-9","5.22","7.38","","","","25","",""
"2021-12-07 08:25:00","01SLC","","76","772","","","","0E-9","5.44","7.29","","","","24","",""
"2021-12-13 10:20:00","02LDM","","936","249","","","","0E-9","","7.34","","","","","",""
"2021-12-13 10:30:00","01SLC","","162","794","","","","0E-9","","7.73","","","","","",""
"2021-12-16 11:00:00","01SLC","","144","803","","","","0E-9","","","","","","25.3","",""
"2021-12-16 11:10:00","02LDM","","76","241","","","","0E-9","","","","","","25.1","",""
"2021-12-20 08:30:00","01SLC","","158","845","","","","0E-9","7.5","7.46","","","","26.5","",""
"2021-12-20 08:35:00","02LDM","","490","245","","","","0E-9","6.4","7.29","","","","26.2","",""
"2021-12-23 07:45:00","01SLC","","122","859","","","","0E-9","4.57","7.05","","","","25.6","",""
"2021-12-23 07:55:00","02LDM","","300","248","","","","0E-9","3.14","7.33","","","","25.2","",""
"2021-12-27 08:20:00","01SLC","","86","897","","","","0E-9","4.48","7.37","","","","25.7","",""
"2021-12-27 08:25:00","02LDM","","1400","254","","","","0E-9","3.12","7.27","","","","26.2","",""
"2021-12-29 10:45:00","01SLC","","106","890","","","","0E-9","4.64","","","","","26.1","",""
"2021-12-29 10:55:00","02LDM","","450","254","","","","0E-9","","","","","","26.2","",""
"2022-01-04 09:00:00","01AC","","10200","","","","","0E-9","3.94","5.7","","","","21","",""
"2022-01-04 09:35:00","06SF","","3200","","","","","0E-9","3.92","5.71","","","","23","",""
"2022-01-04 10:05:00","03LP","","1200","","","","","0E-9","3.82","6.35","","","","22","",""
"2022-01-04 12:30:00","02SL","","980","","","","","0E-9","4.2","5.8","","","","24","",""
"2022-01-10 08:30:00","01AC","","","","","","","0E-9","5.7","6.15","","","","22","","2"
"2022-01-10 09:05:00","06SF","","","","","","","0E-9","6.01","6.24","","","","23","","2.1"
"2022-01-10 10:05:00","03LP","","","","","","","0E-9","4.1","6.4","","","","21","","2.1"
"2022-01-10 12:30:00","02SL","","","","","","","0E-9","4.4","5.9","","","","22","","2.7"
"2022-01-24 08:30:00","01AC","","","","","100","","0E-9","5.2","7.08","","","","21","",""
"2022-01-24 09:05:00","06SF","","","","","400","","0E-9","4.8","6.24","","","","19","",""
"2022-01-24 10:15:00","03LP","","","","","1200","","0E-9","4.5","6.3","","","","21","",""
"2022-01-24 12:15:00","02SL","","","","","300","","","4.6","7.15","","","","18","",""
"2022-01-31 09:15:00","01AC","","500","","","","","0E-9","5.15","7.15","","","","19","",""
"2022-01-31 09:50:00","06SF","","830","","","","","0E-9","4.85","7.44","","","","20","",""
"2022-01-31 10:30:00","03LP","","130","","","","","0E-9","5.9","6.8","","","","20","",""
"2022-01-31 12:30:00","02SL","","590","","","","","0E-9","4.65","7.15","","","","19","",""
"2022-02-01 09:00:00","03LP","","120","","","","","0E-9","5.35","7.4","","","","19","",""
"2022-02-02 08:45:00","03LP","","120","","","","","0E-9","","7.55","","","","18","",""
"2022-02-09 08:15:00","01AC","","30","","","","","0E-9","5.9","7.2","","","","17","",""
"2022-02-09 08:25:00","06SF","","40","","","","","0E-9","7.01","7.4","","","","18","",""
"2022-02-09 10:00:00","03LP","","290","","","","","0E-9","6.93","7.3","","","","19","",""
"2022-02-09 11:45:00","02SL","","60","","","","","0E-9","5.9","6.8","","","","19","",""
"2022-02-14 08:30:00","01AC","","270","","","","","0E-9","9.35","7.6","","","","18","",""
"2022-02-14 09:05:00","06SF","","590","","","","","0E-9","9.05","7.52","","","","18.5","",""
"2022-02-14 10:05:00","03LP","","110","","","","","0E-9","8.7","7.81","","","","19","",""
"2022-02-14 15:15:00","02SL","","320","","","","","0E-9","9","7.82","","","","18","",""
